{"1703.10651v4": 0, "1703.00956v2": 1, "1703.03365v3": 2, "1703.01780v6": 3, "1703.07950v2": 4, "1703.00443v5": 5, "1703.05449v2": 6, "1703.07596v2": 7, "1703.09194v3": 8, "1703.00102v2": 9, "1703.10622v2": 10, "1703.03453v2": 11, "1703.01014v4": 12, "1703.03400v3": 13, "1703.04813v4": 14, "1703.06182v4": 15, "1703.01541v2": 16, "1703.01830v1": 17, "1703.02914v1": 18, "1703.00854v2": 19, "1703.00356v1": 20, "1703.02645v1": 21, "1703.03078v3": 22, "1703.01961v2": 23, "1703.02660v2": 24, "1703.03389v2": 25, "1703.04783v1": 26, "1703.01310v2": 27, "1703.00560v2": 28, "1703.01196v1": 29, "1703.06692v3": 30, "1703.03216v3": 31, "1703.06856v3": 32, "1703.06114v3": 33, "1703.01138v1": 34, "1703.07758v2": 35, "1703.02721v1": 36, "1703.00440v2": 37, "1703.00522v1": 38, "1703.01041v2": 39, "1703.01260v2": 40, "1703.05175v2": 41, "1703.03478v3": 42, "1703.00579v2": 43, "1703.01610v5": 44, "1703.00955v4": 45, "1703.02689v1": 46, "1703.03111v1": 47}